gene	universe_source	reconstruction_status
A2M	results/ranking/primary_rank_average_ties.csv	reconstructed_from_archived_primary_ranking
ABCC9	results/ranking/primary_rank_average_ties.csv	reconstructed_from_archived_primary_ranking
ABCG2	results/ranking/primary_rank_average_ties.csv	reconstructed_from_archived_primary_ranking
ACSL1	results/ranking/primary_rank_average_ties.csv	reconstructed_from_archived_primary_ranking
ACTA2	results/ranking/primary_rank_average_ties.csv	reconstructed_from_archived_primary_ranking
ACTG1	results/ranking/primary_rank_average_ties.csv	reconstructed_from_archived_primary_ranking
ADGRL4	results/ranking/primary_rank_average_ties.csv	reconstructed_from_archived_primary_ranking
AEBP1	results/ranking/primary_rank_average_ties.csv	reconstructed_from_archived_primary_ranking
AHSP	results/ranking/primary_rank_average_ties.csv	reconstructed_from_archived_primary_ranking
AIF1	results/ranking/primary_rank_average_ties.csv	reconstructed_from_archived_primary_ranking
AKAP12	results/ranking/primary_rank_average_ties.csv	reconstructed_from_archived_primary_ranking
AKAP13	results/ranking/primary_rank_average_ties.csv	reconstructed_from_archived_primary_ranking
ALAS2	results/ranking/primary_rank_average_ties.csv	reconstructed_from_archived_primary_ranking
ALOX5AP	results/ranking/primary_rank_average_ties.csv	reconstructed_from_archived_primary_ranking
ANK1	results/ranking/primary_rank_average_ties.csv	reconstructed_from_archived_primary_ranking
ANK3	results/ranking/primary_rank_average_ties.csv	reconstructed_from_archived_primary_ranking
ANO2	results/ranking/primary_rank_average_ties.csv	reconstructed_from_archived_primary_ranking
ANXA2	results/ranking/primary_rank_average_ties.csv	reconstructed_from_archived_primary_ranking
APLP2	results/ranking/primary_rank_average_ties.csv	reconstructed_from_archived_primary_ranking
APOA1	results/ranking/primary_rank_average_ties.csv	reconstructed_from_archived_primary_ranking
APOA2	results/ranking/primary_rank_average_ties.csv	reconstructed_from_archived_primary_ranking
APOA4	results/ranking/primary_rank_average_ties.csv	reconstructed_from_archived_primary_ranking
APOB	results/ranking/primary_rank_average_ties.csv	reconstructed_from_archived_primary_ranking
APOC1	results/ranking/primary_rank_average_ties.csv	reconstructed_from_archived_primary_ranking
APOC2	results/ranking/primary_rank_average_ties.csv	reconstructed_from_archived_primary_ranking
APOC3	results/ranking/primary_rank_average_ties.csv	reconstructed_from_archived_primary_ranking
APOE	results/ranking/primary_rank_average_ties.csv	reconstructed_from_archived_primary_ranking
ARHGAP15	results/ranking/primary_rank_average_ties.csv	reconstructed_from_archived_primary_ranking
ARHGAP42	results/ranking/primary_rank_average_ties.csv	reconstructed_from_archived_primary_ranking
ARL15	results/ranking/primary_rank_average_ties.csv	reconstructed_from_archived_primary_ranking
ASAH1	results/ranking/primary_rank_average_ties.csv	reconstructed_from_archived_primary_ranking
ATP1B3	results/ranking/primary_rank_average_ties.csv	reconstructed_from_archived_primary_ranking
BGN	results/ranking/primary_rank_average_ties.csv	reconstructed_from_archived_primary_ranking
BLVRB	results/ranking/primary_rank_average_ties.csv	reconstructed_from_archived_primary_ranking
BMP2K	results/ranking/primary_rank_average_ties.csv	reconstructed_from_archived_primary_ranking
C11orf96	results/ranking/primary_rank_average_ties.csv	reconstructed_from_archived_primary_ranking
C1QA	results/ranking/primary_rank_average_ties.csv	reconstructed_from_archived_primary_ranking
C1QB	results/ranking/primary_rank_average_ties.csv	reconstructed_from_archived_primary_ranking
C1QC	results/ranking/primary_rank_average_ties.csv	reconstructed_from_archived_primary_ranking
C1R	results/ranking/primary_rank_average_ties.csv	reconstructed_from_archived_primary_ranking
C1orf162	results/ranking/primary_rank_average_ties.csv	reconstructed_from_archived_primary_ranking
C3	results/ranking/primary_rank_average_ties.csv	reconstructed_from_archived_primary_ranking
C4BPA	results/ranking/primary_rank_average_ties.csv	reconstructed_from_archived_primary_ranking
C5	results/ranking/primary_rank_average_ties.csv	reconstructed_from_archived_primary_ranking
C5AR1	results/ranking/primary_rank_average_ties.csv	reconstructed_from_archived_primary_ranking
C9	results/ranking/primary_rank_average_ties.csv	reconstructed_from_archived_primary_ranking
CA1	results/ranking/primary_rank_average_ties.csv	reconstructed_from_archived_primary_ranking
CA2	results/ranking/primary_rank_average_ties.csv	reconstructed_from_archived_primary_ranking
CACNA1C	results/ranking/primary_rank_average_ties.csv	reconstructed_from_archived_primary_ranking
CALD1	results/ranking/primary_rank_average_ties.csv	reconstructed_from_archived_primary_ranking
CCDC102B	results/ranking/primary_rank_average_ties.csv	reconstructed_from_archived_primary_ranking
CCDC80	results/ranking/primary_rank_average_ties.csv	reconstructed_from_archived_primary_ranking
CCDC88A	results/ranking/primary_rank_average_ties.csv	reconstructed_from_archived_primary_ranking
CCL3	results/ranking/primary_rank_average_ties.csv	reconstructed_from_archived_primary_ranking
CCL3L1	results/ranking/primary_rank_average_ties.csv	reconstructed_from_archived_primary_ranking
CCL4	results/ranking/primary_rank_average_ties.csv	reconstructed_from_archived_primary_ranking
CCL4L2	results/ranking/primary_rank_average_ties.csv	reconstructed_from_archived_primary_ranking
CCL5	results/ranking/primary_rank_average_ties.csv	reconstructed_from_archived_primary_ranking
CD14	results/ranking/primary_rank_average_ties.csv	reconstructed_from_archived_primary_ranking
CD163	results/ranking/primary_rank_average_ties.csv	reconstructed_from_archived_primary_ranking
CD2	results/ranking/primary_rank_average_ties.csv	reconstructed_from_archived_primary_ranking
CD247	results/ranking/primary_rank_average_ties.csv	reconstructed_from_archived_primary_ranking
CD37	results/ranking/primary_rank_average_ties.csv	reconstructed_from_archived_primary_ranking
CD3D	results/ranking/primary_rank_average_ties.csv	reconstructed_from_archived_primary_ranking
CD3E	results/ranking/primary_rank_average_ties.csv	reconstructed_from_archived_primary_ranking
CD3G	results/ranking/primary_rank_average_ties.csv	reconstructed_from_archived_primary_ranking
CD52	results/ranking/primary_rank_average_ties.csv	reconstructed_from_archived_primary_ranking
CD59	results/ranking/primary_rank_average_ties.csv	reconstructed_from_archived_primary_ranking
CD69	results/ranking/primary_rank_average_ties.csv	reconstructed_from_archived_primary_ranking
CD74	results/ranking/primary_rank_average_ties.csv	reconstructed_from_archived_primary_ranking
CD83	results/ranking/primary_rank_average_ties.csv	reconstructed_from_archived_primary_ranking
CD96	results/ranking/primary_rank_average_ties.csv	reconstructed_from_archived_primary_ranking
CDC42SE2	results/ranking/primary_rank_average_ties.csv	reconstructed_from_archived_primary_ranking
CDH11	results/ranking/primary_rank_average_ties.csv	reconstructed_from_archived_primary_ranking
CDH13	results/ranking/primary_rank_average_ties.csv	reconstructed_from_archived_primary_ranking
CDH2	results/ranking/primary_rank_average_ties.csv	reconstructed_from_archived_primary_ranking
CDH6	results/ranking/primary_rank_average_ties.csv	reconstructed_from_archived_primary_ranking
CEBPD	results/ranking/primary_rank_average_ties.csv	reconstructed_from_archived_primary_ranking
CELF2	results/ranking/primary_rank_average_ties.csv	reconstructed_from_archived_primary_ranking
CFH	results/ranking/primary_rank_average_ties.csv	reconstructed_from_archived_primary_ranking
CHKA	results/ranking/primary_rank_average_ties.csv	reconstructed_from_archived_primary_ranking
CLDN5	results/ranking/primary_rank_average_ties.csv	reconstructed_from_archived_primary_ranking
CLEC14A	results/ranking/primary_rank_average_ties.csv	reconstructed_from_archived_primary_ranking
CLEC2D	results/ranking/primary_rank_average_ties.csv	reconstructed_from_archived_primary_ranking
CLU	results/ranking/primary_rank_average_ties.csv	reconstructed_from_archived_primary_ranking
CNN3	results/ranking/primary_rank_average_ties.csv	reconstructed_from_archived_primary_ranking
COL11A1	results/ranking/primary_rank_average_ties.csv	reconstructed_from_archived_primary_ranking
COL14A1	results/ranking/primary_rank_average_ties.csv	reconstructed_from_archived_primary_ranking
COL18A1	results/ranking/primary_rank_average_ties.csv	reconstructed_from_archived_primary_ranking
COL1A1	results/ranking/primary_rank_average_ties.csv	reconstructed_from_archived_primary_ranking
COL1A2	results/ranking/primary_rank_average_ties.csv	reconstructed_from_archived_primary_ranking
COL2A1	results/ranking/primary_rank_average_ties.csv	reconstructed_from_archived_primary_ranking
COL3A1	results/ranking/primary_rank_average_ties.csv	reconstructed_from_archived_primary_ranking
COL4A1	results/ranking/primary_rank_average_ties.csv	reconstructed_from_archived_primary_ranking
COL4A2	results/ranking/primary_rank_average_ties.csv	reconstructed_from_archived_primary_ranking
COL5A1	results/ranking/primary_rank_average_ties.csv	reconstructed_from_archived_primary_ranking
COL5A2	results/ranking/primary_rank_average_ties.csv	reconstructed_from_archived_primary_ranking
COL6A1	results/ranking/primary_rank_average_ties.csv	reconstructed_from_archived_primary_ranking
COL6A2	results/ranking/primary_rank_average_ties.csv	reconstructed_from_archived_primary_ranking
COL6A3	results/ranking/primary_rank_average_ties.csv	reconstructed_from_archived_primary_ranking
COL8A1	results/ranking/primary_rank_average_ties.csv	reconstructed_from_archived_primary_ranking
COL9A1	results/ranking/primary_rank_average_ties.csv	reconstructed_from_archived_primary_ranking
COL9A2	results/ranking/primary_rank_average_ties.csv	reconstructed_from_archived_primary_ranking
COTL1	results/ranking/primary_rank_average_ties.csv	reconstructed_from_archived_primary_ranking
CPE	results/ranking/primary_rank_average_ties.csv	reconstructed_from_archived_primary_ranking
CREG1	results/ranking/primary_rank_average_ties.csv	reconstructed_from_archived_primary_ranking
CRIP2	results/ranking/primary_rank_average_ties.csv	reconstructed_from_archived_primary_ranking
CRYAB	results/ranking/primary_rank_average_ties.csv	reconstructed_from_archived_primary_ranking
CSF1R	results/ranking/primary_rank_average_ties.csv	reconstructed_from_archived_primary_ranking
CSF2RA	results/ranking/primary_rank_average_ties.csv	reconstructed_from_archived_primary_ranking
CST3	results/ranking/primary_rank_average_ties.csv	reconstructed_from_archived_primary_ranking
CSTA	results/ranking/primary_rank_average_ties.csv	reconstructed_from_archived_primary_ranking
CTHRC1	results/ranking/primary_rank_average_ties.csv	reconstructed_from_archived_primary_ranking
CTSB	results/ranking/primary_rank_average_ties.csv	reconstructed_from_archived_primary_ranking
CTSD	results/ranking/primary_rank_average_ties.csv	reconstructed_from_archived_primary_ranking
CTSL	results/ranking/primary_rank_average_ties.csv	reconstructed_from_archived_primary_ranking
CTSS	results/ranking/primary_rank_average_ties.csv	reconstructed_from_archived_primary_ranking
CXCL8	results/ranking/primary_rank_average_ties.csv	reconstructed_from_archived_primary_ranking
CYBB	results/ranking/primary_rank_average_ties.csv	reconstructed_from_archived_primary_ranking
CYGB	results/ranking/primary_rank_average_ties.csv	reconstructed_from_archived_primary_ranking
CYTOR	results/ranking/primary_rank_average_ties.csv	reconstructed_from_archived_primary_ranking
DAB2	results/ranking/primary_rank_average_ties.csv	reconstructed_from_archived_primary_ranking
DCBLD2	results/ranking/primary_rank_average_ties.csv	reconstructed_from_archived_primary_ranking
DCN	results/ranking/primary_rank_average_ties.csv	reconstructed_from_archived_primary_ranking
DKK3	results/ranking/primary_rank_average_ties.csv	reconstructed_from_archived_primary_ranking
DLC1	results/ranking/primary_rank_average_ties.csv	reconstructed_from_archived_primary_ranking
DMTN	results/ranking/primary_rank_average_ties.csv	reconstructed_from_archived_primary_ranking
DOCK4	results/ranking/primary_rank_average_ties.csv	reconstructed_from_archived_primary_ranking
DOCK9	results/ranking/primary_rank_average_ties.csv	reconstructed_from_archived_primary_ranking
DPYSL3	results/ranking/primary_rank_average_ties.csv	reconstructed_from_archived_primary_ranking
DSTN	results/ranking/primary_rank_average_ties.csv	reconstructed_from_archived_primary_ranking
DUSP1	results/ranking/primary_rank_average_ties.csv	reconstructed_from_archived_primary_ranking
EBF1	results/ranking/primary_rank_average_ties.csv	reconstructed_from_archived_primary_ranking
EBF2	results/ranking/primary_rank_average_ties.csv	reconstructed_from_archived_primary_ranking
ECSCR	results/ranking/primary_rank_average_ties.csv	reconstructed_from_archived_primary_ranking
EDIL3	results/ranking/primary_rank_average_ties.csv	reconstructed_from_archived_primary_ranking
EDNRA	results/ranking/primary_rank_average_ties.csv	reconstructed_from_archived_primary_ranking
EEF1A1	results/ranking/primary_rank_average_ties.csv	reconstructed_from_archived_primary_ranking
EFEMP1	results/ranking/primary_rank_average_ties.csv	reconstructed_from_archived_primary_ranking
EGFL7	results/ranking/primary_rank_average_ties.csv	reconstructed_from_archived_primary_ranking
ELL2	results/ranking/primary_rank_average_ties.csv	reconstructed_from_archived_primary_ranking
ENO1	results/ranking/primary_rank_average_ties.csv	reconstructed_from_archived_primary_ranking
ENPEP	results/ranking/primary_rank_average_ties.csv	reconstructed_from_archived_primary_ranking
EPS8	results/ranking/primary_rank_average_ties.csv	reconstructed_from_archived_primary_ranking
ERG	results/ranking/primary_rank_average_ties.csv	reconstructed_from_archived_primary_ranking
ESAM	results/ranking/primary_rank_average_ties.csv	reconstructed_from_archived_primary_ranking
F13A1	results/ranking/primary_rank_average_ties.csv	reconstructed_from_archived_primary_ranking
F13B	results/ranking/primary_rank_average_ties.csv	reconstructed_from_archived_primary_ranking
FAM13C	results/ranking/primary_rank_average_ties.csv	reconstructed_from_archived_primary_ranking
FAM49A	results/ranking/primary_rank_average_ties.csv	reconstructed_from_archived_primary_ranking
FBXO7	results/ranking/primary_rank_average_ties.csv	reconstructed_from_archived_primary_ranking
FCER1G	results/ranking/primary_rank_average_ties.csv	reconstructed_from_archived_primary_ranking
FCGR1A	results/ranking/primary_rank_average_ties.csv	reconstructed_from_archived_primary_ranking
FCGR2A	results/ranking/primary_rank_average_ties.csv	reconstructed_from_archived_primary_ranking
FCGR2B	results/ranking/primary_rank_average_ties.csv	reconstructed_from_archived_primary_ranking
FCGR3A	results/ranking/primary_rank_average_ties.csv	reconstructed_from_archived_primary_ranking
FCGRT	results/ranking/primary_rank_average_ties.csv	reconstructed_from_archived_primary_ranking
FCN1	results/ranking/primary_rank_average_ties.csv	reconstructed_from_archived_primary_ranking
FGA	results/ranking/primary_rank_average_ties.csv	reconstructed_from_archived_primary_ranking
FGB	results/ranking/primary_rank_average_ties.csv	reconstructed_from_archived_primary_ranking
FGF23	results/ranking/primary_rank_average_ties.csv	reconstructed_from_archived_primary_ranking
FGG	results/ranking/primary_rank_average_ties.csv	reconstructed_from_archived_primary_ranking
FGL2	results/ranking/primary_rank_average_ties.csv	reconstructed_from_archived_primary_ranking
FHL1	results/ranking/primary_rank_average_ties.csv	reconstructed_from_archived_primary_ranking
FKBP1A	results/ranking/primary_rank_average_ties.csv	reconstructed_from_archived_primary_ranking
FKBP5	results/ranking/primary_rank_average_ties.csv	reconstructed_from_archived_primary_ranking
FKBP8	results/ranking/primary_rank_average_ties.csv	reconstructed_from_archived_primary_ranking
FLT1	results/ranking/primary_rank_average_ties.csv	reconstructed_from_archived_primary_ranking
FN1	results/ranking/primary_rank_average_ties.csv	reconstructed_from_archived_primary_ranking
FOLR2	results/ranking/primary_rank_average_ties.csv	reconstructed_from_archived_primary_ranking
FOS	results/ranking/primary_rank_average_ties.csv	reconstructed_from_archived_primary_ranking
FRMD4A	results/ranking/primary_rank_average_ties.csv	reconstructed_from_archived_primary_ranking
FRZB	results/ranking/primary_rank_average_ties.csv	reconstructed_from_archived_primary_ranking
FTH1	results/ranking/primary_rank_average_ties.csv	reconstructed_from_archived_primary_ranking
FTL	results/ranking/primary_rank_average_ties.csv	reconstructed_from_archived_primary_ranking
FYN	results/ranking/primary_rank_average_ties.csv	reconstructed_from_archived_primary_ranking
GAB2	results/ranking/primary_rank_average_ties.csv	reconstructed_from_archived_primary_ranking
GAPDH	results/ranking/primary_rank_average_ties.csv	reconstructed_from_archived_primary_ranking
GLRX5	results/ranking/primary_rank_average_ties.csv	reconstructed_from_archived_primary_ranking
GLUL	results/ranking/primary_rank_average_ties.csv	reconstructed_from_archived_primary_ranking
GNG11	results/ranking/primary_rank_average_ties.csv	reconstructed_from_archived_primary_ranking
GPNMB	results/ranking/primary_rank_average_ties.csv	reconstructed_from_archived_primary_ranking
GPR183	results/ranking/primary_rank_average_ties.csv	reconstructed_from_archived_primary_ranking
GPR34	results/ranking/primary_rank_average_ties.csv	reconstructed_from_archived_primary_ranking
GPX1	results/ranking/primary_rank_average_ties.csv	reconstructed_from_archived_primary_ranking
GPX3	results/ranking/primary_rank_average_ties.csv	reconstructed_from_archived_primary_ranking
GRB10	results/ranking/primary_rank_average_ties.csv	reconstructed_from_archived_primary_ranking
GRN	results/ranking/primary_rank_average_ties.csv	reconstructed_from_archived_primary_ranking
GUCY1A1	results/ranking/primary_rank_average_ties.csv	reconstructed_from_archived_primary_ranking
GUCY1B1	results/ranking/primary_rank_average_ties.csv	reconstructed_from_archived_primary_ranking
GYPC	results/ranking/primary_rank_average_ties.csv	reconstructed_from_archived_primary_ranking
GZMA	results/ranking/primary_rank_average_ties.csv	reconstructed_from_archived_primary_ranking
HAMP	results/ranking/primary_rank_average_ties.csv	reconstructed_from_archived_primary_ranking
HERPUD1	results/ranking/primary_rank_average_ties.csv	reconstructed_from_archived_primary_ranking
HIF1A	results/ranking/primary_rank_average_ties.csv	reconstructed_from_archived_primary_ranking
HIGD1B	results/ranking/primary_rank_average_ties.csv	reconstructed_from_archived_primary_ranking
HIP1	results/ranking/primary_rank_average_ties.csv	reconstructed_from_archived_primary_ranking
HLA-DMA	results/ranking/primary_rank_average_ties.csv	reconstructed_from_archived_primary_ranking
HLA-DMB	results/ranking/primary_rank_average_ties.csv	reconstructed_from_archived_primary_ranking
HLA-DPA1	results/ranking/primary_rank_average_ties.csv	reconstructed_from_archived_primary_ranking
HLA-DPB1	results/ranking/primary_rank_average_ties.csv	reconstructed_from_archived_primary_ranking
HLA-DQA1	results/ranking/primary_rank_average_ties.csv	reconstructed_from_archived_primary_ranking
HLA-DQA2	results/ranking/primary_rank_average_ties.csv	reconstructed_from_archived_primary_ranking
HLA-DQB1	results/ranking/primary_rank_average_ties.csv	reconstructed_from_archived_primary_ranking
HLA-DRA	results/ranking/primary_rank_average_ties.csv	reconstructed_from_archived_primary_ranking
HLA-DRB1	results/ranking/primary_rank_average_ties.csv	reconstructed_from_archived_primary_ranking
HLA-DRB5	results/ranking/primary_rank_average_ties.csv	reconstructed_from_archived_primary_ranking
HLA-DRB6	results/ranking/primary_rank_average_ties.csv	reconstructed_from_archived_primary_ranking
HMBS	results/ranking/primary_rank_average_ties.csv	reconstructed_from_archived_primary_ranking
HMOX1	results/ranking/primary_rank_average_ties.csv	reconstructed_from_archived_primary_ranking
HSPG2	results/ranking/primary_rank_average_ties.csv	reconstructed_from_archived_primary_ranking
ID3	results/ranking/primary_rank_average_ties.csv	reconstructed_from_archived_primary_ranking
IER3	results/ranking/primary_rank_average_ties.csv	reconstructed_from_archived_primary_ranking
IFI27	results/ranking/primary_rank_average_ties.csv	reconstructed_from_archived_primary_ranking
IFI6	results/ranking/primary_rank_average_ties.csv	reconstructed_from_archived_primary_ranking
IFITM3	results/ranking/primary_rank_average_ties.csv	reconstructed_from_archived_primary_ranking
IGFBP6	results/ranking/primary_rank_average_ties.csv	reconstructed_from_archived_primary_ranking
IGFBP7	results/ranking/primary_rank_average_ties.csv	reconstructed_from_archived_primary_ranking
IGKC	results/ranking/primary_rank_average_ties.csv	reconstructed_from_archived_primary_ranking
IGSF6	results/ranking/primary_rank_average_ties.csv	reconstructed_from_archived_primary_ranking
IL2RG	results/ranking/primary_rank_average_ties.csv	reconstructed_from_archived_primary_ranking
IL32	results/ranking/primary_rank_average_ties.csv	reconstructed_from_archived_primary_ranking
IL33	results/ranking/primary_rank_average_ties.csv	reconstructed_from_archived_primary_ranking
INSR	results/ranking/primary_rank_average_ties.csv	reconstructed_from_archived_primary_ranking
ISLR	results/ranking/primary_rank_average_ties.csv	reconstructed_from_archived_primary_ranking
ITGA2	results/ranking/primary_rank_average_ties.csv	reconstructed_from_archived_primary_ranking
ITGB2	results/ranking/primary_rank_average_ties.csv	reconstructed_from_archived_primary_ranking
ITGBL1	results/ranking/primary_rank_average_ties.csv	reconstructed_from_archived_primary_ranking
ITM2A	results/ranking/primary_rank_average_ties.csv	reconstructed_from_archived_primary_ranking
ITM2B	results/ranking/primary_rank_average_ties.csv	reconstructed_from_archived_primary_ranking
JAML	results/ranking/primary_rank_average_ties.csv	reconstructed_from_archived_primary_ranking
JCHAIN	results/ranking/primary_rank_average_ties.csv	reconstructed_from_archived_primary_ranking
KCTD12	results/ranking/primary_rank_average_ties.csv	reconstructed_from_archived_primary_ranking
KLF1	results/ranking/primary_rank_average_ties.csv	reconstructed_from_archived_primary_ranking
KLKB1	results/ranking/primary_rank_average_ties.csv	reconstructed_from_archived_primary_ranking
KNG1	results/ranking/primary_rank_average_ties.csv	reconstructed_from_archived_primary_ranking
LAPTM5	results/ranking/primary_rank_average_ties.csv	reconstructed_from_archived_primary_ranking
LCK	results/ranking/primary_rank_average_ties.csv	reconstructed_from_archived_primary_ranking
LCP1	results/ranking/primary_rank_average_ties.csv	reconstructed_from_archived_primary_ranking
LDB2	results/ranking/primary_rank_average_ties.csv	reconstructed_from_archived_primary_ranking
LDLR	results/ranking/primary_rank_average_ties.csv	reconstructed_from_archived_primary_ranking
LDLRAD4	results/ranking/primary_rank_average_ties.csv	reconstructed_from_archived_primary_ranking
LGALS3	results/ranking/primary_rank_average_ties.csv	reconstructed_from_archived_primary_ranking
LGMN	results/ranking/primary_rank_average_ties.csv	reconstructed_from_archived_primary_ranking
LHFPL6	results/ranking/primary_rank_average_ties.csv	reconstructed_from_archived_primary_ranking
LILRB2	results/ranking/primary_rank_average_ties.csv	reconstructed_from_archived_primary_ranking
LIPA	results/ranking/primary_rank_average_ties.csv	reconstructed_from_archived_primary_ranking
LPA	results/ranking/primary_rank_average_ties.csv	reconstructed_from_archived_primary_ranking
LPAR6	results/ranking/primary_rank_average_ties.csv	reconstructed_from_archived_primary_ranking
LRP2	results/ranking/primary_rank_average_ties.csv	reconstructed_from_archived_primary_ranking
LSP1	results/ranking/primary_rank_average_ties.csv	reconstructed_from_archived_primary_ranking
LST1	results/ranking/primary_rank_average_ties.csv	reconstructed_from_archived_primary_ranking
LTBP1	results/ranking/primary_rank_average_ties.csv	reconstructed_from_archived_primary_ranking
LUM	results/ranking/primary_rank_average_ties.csv	reconstructed_from_archived_primary_ranking
LUZP2	results/ranking/primary_rank_average_ties.csv	reconstructed_from_archived_primary_ranking
LYZ	results/ranking/primary_rank_average_ties.csv	reconstructed_from_archived_primary_ranking
MAF	results/ranking/primary_rank_average_ties.csv	reconstructed_from_archived_primary_ranking
MAGI1	results/ranking/primary_rank_average_ties.csv	reconstructed_from_archived_primary_ranking
MAML2	results/ranking/primary_rank_average_ties.csv	reconstructed_from_archived_primary_ranking
MANBA	results/ranking/primary_rank_average_ties.csv	reconstructed_from_archived_primary_ranking
MAP1B	results/ranking/primary_rank_average_ties.csv	reconstructed_from_archived_primary_ranking
MAP3K8	results/ranking/primary_rank_average_ties.csv	reconstructed_from_archived_primary_ranking
MCAM	results/ranking/primary_rank_average_ties.csv	reconstructed_from_archived_primary_ranking
MECOM	results/ranking/primary_rank_average_ties.csv	reconstructed_from_archived_primary_ranking
MEP1A	results/ranking/primary_rank_average_ties.csv	reconstructed_from_archived_primary_ranking
MFNG	results/ranking/primary_rank_average_ties.csv	reconstructed_from_archived_primary_ranking
MGP	results/ranking/primary_rank_average_ties.csv	reconstructed_from_archived_primary_ranking
MIR100HG	results/ranking/primary_rank_average_ties.csv	reconstructed_from_archived_primary_ranking
MIR4435-2HG	results/ranking/primary_rank_average_ties.csv	reconstructed_from_archived_primary_ranking
MKRN1	results/ranking/primary_rank_average_ties.csv	reconstructed_from_archived_primary_ranking
MMP9	results/ranking/primary_rank_average_ties.csv	reconstructed_from_archived_primary_ranking
MNDA	results/ranking/primary_rank_average_ties.csv	reconstructed_from_archived_primary_ranking
MPEG1	results/ranking/primary_rank_average_ties.csv	reconstructed_from_archived_primary_ranking
MRC1	results/ranking/primary_rank_average_ties.csv	reconstructed_from_archived_primary_ranking
MS4A4A	results/ranking/primary_rank_average_ties.csv	reconstructed_from_archived_primary_ranking
MS4A6A	results/ranking/primary_rank_average_ties.csv	reconstructed_from_archived_primary_ranking
MS4A7	results/ranking/primary_rank_average_ties.csv	reconstructed_from_archived_primary_ranking
MSR1	results/ranking/primary_rank_average_ties.csv	reconstructed_from_archived_primary_ranking
MT2A	results/ranking/primary_rank_average_ties.csv	reconstructed_from_archived_primary_ranking
MTATP6P1	results/ranking/primary_rank_average_ties.csv	reconstructed_from_archived_primary_ranking
MYL6	results/ranking/primary_rank_average_ties.csv	reconstructed_from_archived_primary_ranking
MYL9	results/ranking/primary_rank_average_ties.csv	reconstructed_from_archived_primary_ranking
NAMPT	results/ranking/primary_rank_average_ties.csv	reconstructed_from_archived_primary_ranking
NCF2	results/ranking/primary_rank_average_ties.csv	reconstructed_from_archived_primary_ranking
NDUFA4L2	results/ranking/primary_rank_average_ties.csv	reconstructed_from_archived_primary_ranking
NFIB	results/ranking/primary_rank_average_ties.csv	reconstructed_from_archived_primary_ranking
NGF	results/ranking/primary_rank_average_ties.csv	reconstructed_from_archived_primary_ranking
NNMT	results/ranking/primary_rank_average_ties.csv	reconstructed_from_archived_primary_ranking
NOTCH3	results/ranking/primary_rank_average_ties.csv	reconstructed_from_archived_primary_ranking
NPC2	results/ranking/primary_rank_average_ties.csv	reconstructed_from_archived_primary_ranking
NPL	results/ranking/primary_rank_average_ties.csv	reconstructed_from_archived_primary_ranking
NR2F2	results/ranking/primary_rank_average_ties.csv	reconstructed_from_archived_primary_ranking
NR2F2-AS1	results/ranking/primary_rank_average_ties.csv	reconstructed_from_archived_primary_ranking
NRCAM	results/ranking/primary_rank_average_ties.csv	reconstructed_from_archived_primary_ranking
NRG3	results/ranking/primary_rank_average_ties.csv	reconstructed_from_archived_primary_ranking
NTM	results/ranking/primary_rank_average_ties.csv	reconstructed_from_archived_primary_ranking
OLR1	results/ranking/primary_rank_average_ties.csv	reconstructed_from_archived_primary_ranking
PABPC1	results/ranking/primary_rank_average_ties.csv	reconstructed_from_archived_primary_ranking
PALLD	results/ranking/primary_rank_average_ties.csv	reconstructed_from_archived_primary_ranking
PARD3	results/ranking/primary_rank_average_ties.csv	reconstructed_from_archived_primary_ranking
PCDH17	results/ranking/primary_rank_average_ties.csv	reconstructed_from_archived_primary_ranking
PCOLCE	results/ranking/primary_rank_average_ties.csv	reconstructed_from_archived_primary_ranking
PDE3A	results/ranking/primary_rank_average_ties.csv	reconstructed_from_archived_primary_ranking
PDE4D	results/ranking/primary_rank_average_ties.csv	reconstructed_from_archived_primary_ranking
PDGFRB	results/ranking/primary_rank_average_ties.csv	reconstructed_from_archived_primary_ranking
PDLIM3	results/ranking/primary_rank_average_ties.csv	reconstructed_from_archived_primary_ranking
PEAK1	results/ranking/primary_rank_average_ties.csv	reconstructed_from_archived_primary_ranking
PECAM1	results/ranking/primary_rank_average_ties.csv	reconstructed_from_archived_primary_ranking
PFKFB3	results/ranking/primary_rank_average_ties.csv	reconstructed_from_archived_primary_ranking
PHLDA1	results/ranking/primary_rank_average_ties.csv	reconstructed_from_archived_primary_ranking
PIEZO2	results/ranking/primary_rank_average_ties.csv	reconstructed_from_archived_primary_ranking
PIM1	results/ranking/primary_rank_average_ties.csv	reconstructed_from_archived_primary_ranking
PITPNC1	results/ranking/primary_rank_average_ties.csv	reconstructed_from_archived_primary_ranking
PLCB1	results/ranking/primary_rank_average_ties.csv	reconstructed_from_archived_primary_ranking
PLEKHG1	results/ranking/primary_rank_average_ties.csv	reconstructed_from_archived_primary_ranking
PLOD2	results/ranking/primary_rank_average_ties.csv	reconstructed_from_archived_primary_ranking
PLXDC1	results/ranking/primary_rank_average_ties.csv	reconstructed_from_archived_primary_ranking
PLXDC2	results/ranking/primary_rank_average_ties.csv	reconstructed_from_archived_primary_ranking
PMEPA1	results/ranking/primary_rank_average_ties.csv	reconstructed_from_archived_primary_ranking
PODXL	results/ranking/primary_rank_average_ties.csv	reconstructed_from_archived_primary_ranking
POSTN	results/ranking/primary_rank_average_ties.csv	reconstructed_from_archived_primary_ranking
PPARD	results/ranking/primary_rank_average_ties.csv	reconstructed_from_archived_primary_ranking
PRDX1	results/ranking/primary_rank_average_ties.csv	reconstructed_from_archived_primary_ranking
PRDX4	results/ranking/primary_rank_average_ties.csv	reconstructed_from_archived_primary_ranking
PRELP	results/ranking/primary_rank_average_ties.csv	reconstructed_from_archived_primary_ranking
PREX2	results/ranking/primary_rank_average_ties.csv	reconstructed_from_archived_primary_ranking
PRKG1	results/ranking/primary_rank_average_ties.csv	reconstructed_from_archived_primary_ranking
PSAP	results/ranking/primary_rank_average_ties.csv	reconstructed_from_archived_primary_ranking
PTMA	results/ranking/primary_rank_average_ties.csv	reconstructed_from_archived_primary_ranking
PTPRB	results/ranking/primary_rank_average_ties.csv	reconstructed_from_archived_primary_ranking
PTPRC	results/ranking/primary_rank_average_ties.csv	reconstructed_from_archived_primary_ranking
PTPRG	results/ranking/primary_rank_average_ties.csv	reconstructed_from_archived_primary_ranking
PTPRK	results/ranking/primary_rank_average_ties.csv	reconstructed_from_archived_primary_ranking
PTPRM	results/ranking/primary_rank_average_ties.csv	reconstructed_from_archived_primary_ranking
RAMP2	results/ranking/primary_rank_average_ties.csv	reconstructed_from_archived_primary_ranking
RAPGEF1	results/ranking/primary_rank_average_ties.csv	reconstructed_from_archived_primary_ranking
RAPGEF5	results/ranking/primary_rank_average_ties.csv	reconstructed_from_archived_primary_ranking
RBM38	results/ranking/primary_rank_average_ties.csv	reconstructed_from_archived_primary_ranking
RBM47	results/ranking/primary_rank_average_ties.csv	reconstructed_from_archived_primary_ranking
RBMS3	results/ranking/primary_rank_average_ties.csv	reconstructed_from_archived_primary_ranking
RGCC	results/ranking/primary_rank_average_ties.csv	reconstructed_from_archived_primary_ranking
RGS1	results/ranking/primary_rank_average_ties.csv	reconstructed_from_archived_primary_ranking
RGS2	results/ranking/primary_rank_average_ties.csv	reconstructed_from_archived_primary_ranking
RGS5	results/ranking/primary_rank_average_ties.csv	reconstructed_from_archived_primary_ranking
RIPOR2	results/ranking/primary_rank_average_ties.csv	reconstructed_from_archived_primary_ranking
RNASE1	results/ranking/primary_rank_average_ties.csv	reconstructed_from_archived_primary_ranking
RNASET2	results/ranking/primary_rank_average_ties.csv	reconstructed_from_archived_primary_ranking
RNF144B	results/ranking/primary_rank_average_ties.csv	reconstructed_from_archived_primary_ranking
RNF149	results/ranking/primary_rank_average_ties.csv	reconstructed_from_archived_primary_ranking
RUNX3	results/ranking/primary_rank_average_ties.csv	reconstructed_from_archived_primary_ranking
S100A1	results/ranking/primary_rank_average_ties.csv	reconstructed_from_archived_primary_ranking
S100A13	results/ranking/primary_rank_average_ties.csv	reconstructed_from_archived_primary_ranking
S100A4	results/ranking/primary_rank_average_ties.csv	reconstructed_from_archived_primary_ranking
S100A6	results/ranking/primary_rank_average_ties.csv	reconstructed_from_archived_primary_ranking
S100A8	results/ranking/primary_rank_average_ties.csv	reconstructed_from_archived_primary_ranking
S100A9	results/ranking/primary_rank_average_ties.csv	reconstructed_from_archived_primary_ranking
SAMD3	results/ranking/primary_rank_average_ties.csv	reconstructed_from_archived_primary_ranking
SAMHD1	results/ranking/primary_rank_average_ties.csv	reconstructed_from_archived_primary_ranking
SAT1	results/ranking/primary_rank_average_ties.csv	reconstructed_from_archived_primary_ranking
SDC4	results/ranking/primary_rank_average_ties.csv	reconstructed_from_archived_primary_ranking
SDCBP	results/ranking/primary_rank_average_ties.csv	reconstructed_from_archived_primary_ranking
SELENOP	results/ranking/primary_rank_average_ties.csv	reconstructed_from_archived_primary_ranking
SELL	results/ranking/primary_rank_average_ties.csv	reconstructed_from_archived_primary_ranking
SEMA5A	results/ranking/primary_rank_average_ties.csv	reconstructed_from_archived_primary_ranking
SERF2	results/ranking/primary_rank_average_ties.csv	reconstructed_from_archived_primary_ranking
SERPINA1	results/ranking/primary_rank_average_ties.csv	reconstructed_from_archived_primary_ranking
SERPIND1	results/ranking/primary_rank_average_ties.csv	reconstructed_from_archived_primary_ranking
SERPINH1	results/ranking/primary_rank_average_ties.csv	reconstructed_from_archived_primary_ranking
SGK1	results/ranking/primary_rank_average_ties.csv	reconstructed_from_archived_primary_ranking
SH3BGRL3	results/ranking/primary_rank_average_ties.csv	reconstructed_from_archived_primary_ranking
SIPA1L1	results/ranking/primary_rank_average_ties.csv	reconstructed_from_archived_primary_ranking
SKAP1	results/ranking/primary_rank_average_ties.csv	reconstructed_from_archived_primary_ranking
SLC16A10	results/ranking/primary_rank_average_ties.csv	reconstructed_from_archived_primary_ranking
SLC1A3	results/ranking/primary_rank_average_ties.csv	reconstructed_from_archived_primary_ranking
SLC25A37	results/ranking/primary_rank_average_ties.csv	reconstructed_from_archived_primary_ranking
SLC25A39	results/ranking/primary_rank_average_ties.csv	reconstructed_from_archived_primary_ranking
SLC40A1	results/ranking/primary_rank_average_ties.csv	reconstructed_from_archived_primary_ranking
SLC4A1	results/ranking/primary_rank_average_ties.csv	reconstructed_from_archived_primary_ranking
SLCO2B1	results/ranking/primary_rank_average_ties.csv	reconstructed_from_archived_primary_ranking
SNCA	results/ranking/primary_rank_average_ties.csv	reconstructed_from_archived_primary_ranking
SORT1	results/ranking/primary_rank_average_ties.csv	reconstructed_from_archived_primary_ranking
SOX5	results/ranking/primary_rank_average_ties.csv	reconstructed_from_archived_primary_ranking
SPARC	results/ranking/primary_rank_average_ties.csv	reconstructed_from_archived_primary_ranking
SPOCK1	results/ranking/primary_rank_average_ties.csv	reconstructed_from_archived_primary_ranking
SPP1	results/ranking/primary_rank_average_ties.csv	reconstructed_from_archived_primary_ranking
SRGN	results/ranking/primary_rank_average_ties.csv	reconstructed_from_archived_primary_ranking
ST6GALNAC3	results/ranking/primary_rank_average_ties.csv	reconstructed_from_archived_primary_ranking
STAB1	results/ranking/primary_rank_average_ties.csv	reconstructed_from_archived_primary_ranking
STAT4	results/ranking/primary_rank_average_ties.csv	reconstructed_from_archived_primary_ranking
STK17B	results/ranking/primary_rank_average_ties.csv	reconstructed_from_archived_primary_ranking
STRADB	results/ranking/primary_rank_average_ties.csv	reconstructed_from_archived_primary_ranking
SULF1	results/ranking/primary_rank_average_ties.csv	reconstructed_from_archived_primary_ranking
SYNE2	results/ranking/primary_rank_average_ties.csv	reconstructed_from_archived_primary_ranking
SYTL3	results/ranking/primary_rank_average_ties.csv	reconstructed_from_archived_primary_ranking
TAGLN	results/ranking/primary_rank_average_ties.csv	reconstructed_from_archived_primary_ranking
TBX2	results/ranking/primary_rank_average_ties.csv	reconstructed_from_archived_primary_ranking
TCF4	results/ranking/primary_rank_average_ties.csv	reconstructed_from_archived_primary_ranking
TCIM	results/ranking/primary_rank_average_ties.csv	reconstructed_from_archived_primary_ranking
THBS2	results/ranking/primary_rank_average_ties.csv	reconstructed_from_archived_primary_ranking
THY1	results/ranking/primary_rank_average_ties.csv	reconstructed_from_archived_primary_ranking
TIMP1	results/ranking/primary_rank_average_ties.csv	reconstructed_from_archived_primary_ranking
TINAGL1	results/ranking/primary_rank_average_ties.csv	reconstructed_from_archived_primary_ranking
TM4SF1	results/ranking/primary_rank_average_ties.csv	reconstructed_from_archived_primary_ranking
TM4SF18	results/ranking/primary_rank_average_ties.csv	reconstructed_from_archived_primary_ranking
TMSB10	results/ranking/primary_rank_average_ties.csv	reconstructed_from_archived_primary_ranking
TNR	results/ranking/primary_rank_average_ties.csv	reconstructed_from_archived_primary_ranking
TPI1	results/ranking/primary_rank_average_ties.csv	reconstructed_from_archived_primary_ranking
TPM1	results/ranking/primary_rank_average_ties.csv	reconstructed_from_archived_primary_ranking
TPM2	results/ranking/primary_rank_average_ties.csv	reconstructed_from_archived_primary_ranking
TPT1	results/ranking/primary_rank_average_ties.csv	reconstructed_from_archived_primary_ranking
TRAC	results/ranking/primary_rank_average_ties.csv	reconstructed_from_archived_primary_ranking
TRBC2	results/ranking/primary_rank_average_ties.csv	reconstructed_from_archived_primary_ranking
TREM2	results/ranking/primary_rank_average_ties.csv	reconstructed_from_archived_primary_ranking
TRIM58	results/ranking/primary_rank_average_ties.csv	reconstructed_from_archived_primary_ranking
TSC22D1	results/ranking/primary_rank_average_ties.csv	reconstructed_from_archived_primary_ranking
TYROBP	results/ranking/primary_rank_average_ties.csv	reconstructed_from_archived_primary_ranking
UACA	results/ranking/primary_rank_average_ties.csv	reconstructed_from_archived_primary_ranking
UBASH3B	results/ranking/primary_rank_average_ties.csv	reconstructed_from_archived_primary_ranking
UBB	results/ranking/primary_rank_average_ties.csv	reconstructed_from_archived_primary_ranking
UCHL1	results/ranking/primary_rank_average_ties.csv	reconstructed_from_archived_primary_ranking
VAMP8	results/ranking/primary_rank_average_ties.csv	reconstructed_from_archived_primary_ranking
VCAN	results/ranking/primary_rank_average_ties.csv	reconstructed_from_archived_primary_ranking
VIM	results/ranking/primary_rank_average_ties.csv	reconstructed_from_archived_primary_ranking
VSIG4	results/ranking/primary_rank_average_ties.csv	reconstructed_from_archived_primary_ranking
VTN	results/ranking/primary_rank_average_ties.csv	reconstructed_from_archived_primary_ranking
VWF	results/ranking/primary_rank_average_ties.csv	reconstructed_from_archived_primary_ranking
WWTR1	results/ranking/primary_rank_average_ties.csv	reconstructed_from_archived_primary_ranking
YBX3	results/ranking/primary_rank_average_ties.csv	reconstructed_from_archived_primary_ranking
ZBTB20	results/ranking/primary_rank_average_ties.csv	reconstructed_from_archived_primary_ranking
ZNF331	results/ranking/primary_rank_average_ties.csv	reconstructed_from_archived_primary_ranking
